{
  "name" : "CancelAppointment",
  "type" : "NLPIntent",
  "intentParameters" : [ ],
  "exampleData" : [ {
    "sentence" : "cancel it",
    "exampleEntities" : [ ]
  }, {
    "sentence" : "cancel",
    "exampleEntities" : [ ]
  }, {
    "sentence" : "sorry cancel it",
    "exampleEntities" : [ ]
  }, {
    "sentence" : "not needed anymore",
    "exampleEntities" : [ ]
  }, {
    "sentence" : "i donot need it anymore",
    "exampleEntities" : [ ]
  }, {
    "sentence" : "cancel my appointment",
    "exampleEntities" : [ ]
  }, {
    "sentence" : "not interested",
    "exampleEntities" : [ ]
  } ]
}