{
  "name" : "ConfirmAppointment",
  "type" : "NLPIntent",
  "intentParameters" : [ ],
  "exampleData" : [ {
    "sentence" : "i will definately make it",
    "exampleEntities" : [ ]
  }, {
    "sentence" : "confirmed",
    "exampleEntities" : [ ]
  }, {
    "sentence" : "i will come",
    "exampleEntities" : [ ]
  }, {
    "sentence" : "yes confirmed",
    "exampleEntities" : [ ]
  }, {
    "sentence" : "yes",
    "exampleEntities" : [ ]
  }, {
    "sentence" : "sure confirmed",
    "exampleEntities" : [ ]
  } ]
}