{
  "name" : "RescheduleAppointment",
  "type" : "NLPIntent",
  "intentParameters" : [ ],
  "exampleData" : [ {
    "sentence" : "change the slot",
    "exampleEntities" : [ ]
  }, {
    "sentence" : "modify the slot",
    "exampleEntities" : [ ]
  }, {
    "sentence" : "give me new slot",
    "exampleEntities" : [ ]
  }, {
    "sentence" : "do you have any alternative slot",
    "exampleEntities" : [ ]
  }, {
    "sentence" : "reschedule the appointment",
    "exampleEntities" : [ ]
  }, {
    "sentence" : "change appointment",
    "exampleEntities" : [ ]
  }, {
    "sentence" : "change",
    "exampleEntities" : [ ]
  }, {
    "sentence" : "modify the time",
    "exampleEntities" : [ ]
  }, {
    "sentence" : "give me new time",
    "exampleEntities" : [ ]
  } ]
}